{
  "Coasters": [
    {
      "CoasterID": 84,
      "Park ID": "16",
      "name": "Galactica",
      "material": "Steel",
      "opened": "March 16 2002",
      "Manufacturer": "Bolliger & Mabillard (B&M)",
      "model": "Flying Coaster (Custom)",
      "duration": "1:40",
      "heightft": "65.6",
      "heightm": "20",
      "LengthFt": "2755.9",
      "lengthm": "840",
      "topspeedmph": "46.6",
      "topspeedkmh": "75",
      "inversions": "2",
      "riders per train": "28",
      "peopleperhour": "1500",
      "coasterpedia": "https://coasterpedia.net/wiki/Galactica",
      "RCDB": "https://rcdb.com/1458.htm"
    },
    {
      "CoasterID": 85,
      "Park ID": "16",
      "name": "Nemesis Reborn",
      "material": "Steel",
      "opened": "March 19 1994 (March 16 2024)",
      "Manufacturer": "Bolliger & Mabillard (B&M)",
      "model": "Inverted Coaster (Custom)",
      "duration": "1:20",
      "heightft": "42.7",
      "heightm": "13",
      "LengthFt": "2349",
      "lengthm": "716",
      "topspeedmph": "50",
      "topspeedkmh": "80.5",
      "inversions": "4",
      "riders per train": "32",
      "peopleperhour": "1400",
      "coasterpedia": "https://coasterpedia.net/wiki/Nemesis_Reborn",
      "RCDB": "https://rcdb.com/776.htm"
    },
    {
      "CoasterID": 86,
      "Park ID": "16",
      "name": "Oblivion",
      "material": "Steel",
      "opened": "March 14 1998",
      "Manufacturer": "Bolliger & Mabillard (B&M)",
      "model": "Dive Coaster (Custom)",
      "duration": "1:15",
      "heightft": "65",
      "heightm": "19.8",
      "LengthFt": "1222.1129",
      "lengthm": "372.5",
      "topspeedmph": "68",
      "topspeedkmh": "109.4",
      "inversions": "0",
      "riders per train": "16",
      "peopleperhour": "1820",
      "coasterpedia": "https://coasterpedia.net/wiki/Oblivion_(Alton_Towers)",
      "RCDB": "https://rcdb.com/777.htm"
    },
    {
      "CoasterID": 87,
      "Park ID": "16",
      "name": "Octonauts Rollercoaster Adventure",
      "material": "Steel",
      "opened": "March 21 2015",
      "Manufacturer": "Zamperla",
      "model": "Junior Coaster - J2SK 143m",
      "duration": "unknown",
      "heightft": "22",
      "heightm": "6.7",
      "LengthFt": "469.2",
      "lengthm": "143",
      "topspeedmph": "18.6",
      "topspeedkmh": "30",
      "inversions": "0",
      "riders per train": "14",
      "peopleperhour": "580",
      "coasterpedia": "https://coasterpedia.net/wiki/Octonauts_Rollercoaster_Adventure",
      "RCDB": "https://rcdb.com/12592.htm"
    },
    {
      "CoasterID": 88,
      "Park ID": "16",
      "name": "Rita",
      "material": "Steel",
      "opened": "April 1 2015",
      "Manufacturer": "Intamin",
      "model": "Hydraulic Launch Coaster",
      "duration": "0:25",
      "heightft": "68.9",
      "heightm": "21",
      "LengthFt": "2099.7",
      "lengthm": "640",
      "topspeedmph": "61",
      "topspeedkmh": "98.3",
      "inversions": "0",
      "riders per train": "20",
      "peopleperhour": "unknown",
      "coasterpedia": "https://coasterpedia.net/wiki/Rita",
      "RCDB": "https://rcdb.com/2787.htm"
    },
    {
      "CoasterID": 89,
      "Park ID": "16",
      "name": "Runaway Mine Train",
      "material": "Steel",
      "opened": "1992",
      "Manufacturer": "Mack Rides",
      "model": "Powered Coaster (Custom)",
      "duration": "1:50",
      "heightft": "unknown",
      "heightm": "unknown",
      "LengthFt": "1000",
      "lengthm": "304.8",
      "topspeedmph": "22.4",
      "topspeedkmh": "36",
      "inversions": "0",
      "riders per train": "48",
      "peopleperhour": "1100",
      "coasterpedia": "https://coasterpedia.net/wiki/Runaway_Mine_Train_(Alton_Towers)",
      "RCDB": "https://rcdb.com/800.htm"
    },
    {
      "CoasterID": 90,
      "Park ID": "16",
      "name": "Smiler",
      "material": "Steel",
      "opened": "March 31 2013",
      "Manufacturer": "Gerstlauer",
      "model": "Infinity Coaster 1140",
      "duration": "2:45",
      "heightft": "98.4",
      "heightm": "30",
      "LengthFt": "3838.6",
      "lengthm": "1170",
      "topspeedmph": "52.8",
      "topspeedkmh": "85",
      "inversions": "14",
      "riders per train": "16",
      "peopleperhour": "1200",
      "coasterpedia": "https://coasterpedia.net/wiki/Smiler",
      "RCDB": "https://rcdb.com/11062.htm"
    },
    {
      "CoasterID": 91,
      "Park ID": "16",
      "name": "Spinball Whizzer",
      "material": "Steel",
      "opened": "March 27 2004",
      "Manufacturer": "Maurer",
      "model": "Xtended SC 2200",
      "duration": "1:15",
      "heightft": "55.8",
      "heightm": "17",
      "LengthFt": "1476.4",
      "lengthm": "450",
      "topspeedmph": "37.3",
      "topspeedkmh": "60",
      "inversions": "0",
      "riders per train": "4",
      "peopleperhour": "950",
      "coasterpedia": "https://coasterpedia.net/wiki/Spinball_Whizzer",
      "RCDB": "https://rcdb.com/2472.htm"
    },
    {
      "CoasterID": 92,
      "Park ID": "16",
      "name": "Thirteen",
      "material": "Steel",
      "opened": "March 20 2010",
      "Manufacturer": "Intamin",
      "model": "Multi Dimensional Coaster",
      "duration": "1:40",
      "heightft": "65.6",
      "heightm": "20",
      "LengthFt": "2447.5",
      "lengthm": "746",
      "topspeedmph": "41.6",
      "topspeedkmh": "67",
      "inversions": "0",
      "riders per train": "20",
      "peopleperhour": "1100",
      "coasterpedia": "https://coasterpedia.net/wiki/Thirteen",
      "RCDB": "https://rcdb.com/4463.htm"
    },
    {
      "CoasterID": 93,
      "Park ID": "16",
      "name": "Wicker Man",
      "material": "Wooden",
      "opened": "March 20 2018",
      "Manufacturer": "Great Coasters International",
      "model": "Wooden Coaster",
      "duration": "3:30",
      "heightft": "65.6",
      "heightm": "20",
      "LengthFt": "3123.4",
      "lengthm": "952",
      "topspeedmph": "494",
      "topspeedkmh": "795",
      "inversions": "0",
      "riders per train": "24",
      "peopleperhour": "952",
      "coasterpedia": "https://coasterpedia.net/wiki/Wicker_Man",
      "RCDB": "https://rcdb.com/15029.htm"
    },
    {
      "CoasterID": 94,
      "Park ID": "17",
      "name": "Colossus",
      "material": "Steel",
      "opened": "March 22 2002",
      "Manufacturer": "Intamin",
      "model": "10 Inversion Roller Coaster",
      "duration": "1:32",
      "heightft": "98.4",
      "heightm": "30",
      "LengthFt": "2788.7",
      "lengthm": "850",
      "topspeedmph": "44.7",
      "topspeedkmh": "72",
      "inversions": "10",
      "riders per train": "28",
      "peopleperhour": "1300",
      "coasterpedia": "https://coasterpedia.net/wiki/Colossus_(Thorpe_Park)",
      "RCDB": "https://rcdb.com/1412.htm"
    },
    {
      "CoasterID": 95,
      "Park ID": "17",
      "name": "Flying Fish",
      "material": "Steel",
      "opened": "March 10 2007",
      "Manufacturer": "Mack Rides",
      "model": "Powered Coaster",
      "duration": "unknown",
      "heightft": "20",
      "heightm": "6.1",
      "LengthFt": "767",
      "lengthm": "234",
      "topspeedmph": "16.8",
      "topspeedkmh": "27",
      "inversions": "0",
      "riders per train": "38",
      "peopleperhour": "1000",
      "coasterpedia": "https://coasterpedia.net/wiki/Flying_Fish_(Thorpe_Park)",
      "RCDB": "https://rcdb.com/847.htm"
    },
    {
      "CoasterID": 96,
      "Park ID": "17",
      "name": "Hyperia",
      "material": "Steel",
      "opened": "May 24 2024",
      "Manufacturer": "Mack Rides",
      "model": "Hyper Coaster (Custom)",
      "duration": "1:30",
      "heightft": "236",
      "heightm": "71.9",
      "LengthFt": "3266",
      "lengthm": "995.4",
      "topspeedmph": "80",
      "topspeedkmh": "130",
      "inversions": "2",
      "riders per train": "20",
      "peopleperhour": "1000",
      "coasterpedia": "https://coasterpedia.net/wiki/Hyperia",
      "RCDB": "https://rcdb.com/20652.htm"
    },
    {
      "CoasterID": 97,
      "Park ID": "17",
      "name": "Nemesis Inferno",
      "material": "Steel",
      "opened": "April 5 2003",
      "Manufacturer": "Bolliger & Mabillard (B&M)",
      "model": "Inverted Coaster",
      "duration": "1:43",
      "heightft": "95",
      "heightm": "29",
      "LengthFt": "2460",
      "lengthm": "750",
      "topspeedmph": "48",
      "topspeedkmh": "77",
      "inversions": "4",
      "riders per train": "28",
      "peopleperhour": "1150",
      "coasterpedia": "https://coasterpedia.net/wiki/Nemesis_Inferno",
      "RCDB": "https://rcdb.com/1747.htm"
    },
    {
      "CoasterID": 98,
      "Park ID": "17",
      "name": "Saw - The Ride",
      "material": "Steel",
      "opened": "March 14 2009",
      "Manufacturer": "Gerstlauer",
      "model": "Eurofighter (Custom)",
      "duration": "1:40",
      "heightft": "100",
      "heightm": "30",
      "LengthFt": "2362",
      "lengthm": "719.9",
      "topspeedmph": "55",
      "topspeedkmh": "88.5",
      "inversions": "3",
      "riders per train": "8",
      "peopleperhour": "unknown",
      "coasterpedia": "https://coasterpedia.net/wiki/Saw_-_The_Ride",
      "RCDB": "https://rcdb.com/4162.htm"
    },
    {
      "CoasterID": 99,
      "Park ID": "17",
      "name": "Stealth",
      "material": "Steel",
      "opened": "March 15 2006",
      "Manufacturer": "Intamin",
      "model": "Hydraulic Launch Coaster",
      "duration": "0:29",
      "heightft": "205",
      "heightm": "62.5",
      "LengthFt": "1312.3",
      "lengthm": "400",
      "topspeedmph": "80",
      "topspeedkmh": "128.7",
      "inversions": "0",
      "riders per train": "20",
      "peopleperhour": "unknown",
      "coasterpedia": "https://coasterpedia.net/wiki/Stealth",
      "RCDB": "https://rcdb.com/3081.htm"
    },
    {
      "CoasterID": 100,
      "Park ID": "17",
      "name": "Swarm",
      "material": "Steel",
      "opened": "March 15 2012",
      "Manufacturer": "Bolliger & Mabillard (B&M)",
      "model": "Wing Coaster (Custom)",
      "duration": "1:25",
      "heightft": "38.7",
      "heightm": "127",
      "LengthFt": "2543",
      "lengthm": "775",
      "topspeedmph": "59",
      "topspeedkmh": "95",
      "inversions": "5",
      "riders per train": "28",
      "peopleperhour": "1100",
      "coasterpedia": "https://coasterpedia.net/wiki/Swarm",
      "RCDB": "https://rcdb.com/9820.htm"
    },
    {
      "CoasterID": 101,
      "Park ID": "17",
      "name": "Walking Dead: The Ride",
      "material": "Steel",
      "opened": "March 23 1996",
      "Manufacturer": "Vekoma",
      "model": "Enigma",
      "duration": "2:00",
      "heightft": "41.7",
      "heightm": "12.7",
      "LengthFt": "1312.3",
      "lengthm": "400",
      "topspeedmph": "27.7",
      "topspeedkmh": "44.6",
      "inversions": "0",
      "riders per train": "10",
      "peopleperhour": "1000",
      "coasterpedia": "https://coasterpedia.net/wiki/Walking_Dead:_The_Ride",
      "RCDB": "https://rcdb.com/846.htm"
    },
    {
      "CoasterID": 102,
      "Park ID": "18",
      "name": "Mandrill Mayhem",
      "material": "Steel",
      "opened": "May 15 2003",
      "Manufacturer": "Bolliger & Mabillard (B&M)",
      "model": "Wing Coaster (Custom)",
      "duration": "unknown",
      "heightft": "66",
      "heightm": "20",
      "LengthFt": "1247",
      "lengthm": "380",
      "topspeedmph": "45",
      "topspeedkmh": "72",
      "inversions": "1 (2)",
      "riders per train": "28",
      "peopleperhour": "840",
      "coasterpedia": "https://coasterpedia.net/wiki/Mandrill_Mayhem",
      "RCDB": "https://rcdb.com/20349.htm"
    },
    {
      "CoasterID": 103,
      "Park ID": "18",
      "name": "Dragon's Fury",
      "material": "Steel",
      "opened": "March 27 2004",
      "Manufacturer": "Maurer",
      "model": "Xtended SC 3000 (Spinning)",
      "duration": "unknown",
      "heightft": "40.8",
      "heightm": "15.5",
      "LengthFt": "1706",
      "lengthm": "520",
      "topspeedmph": "unknown",
      "topspeedkmh": "unknown",
      "inversions": "0",
      "riders per train": "4",
      "peopleperhour": "950",
      "coasterpedia": "https://coasterpedia.net/wiki/Dragon%27s_Fury",
      "RCDB": "https://rcdb.com/2410.htm"
    },
    {
      "CoasterID": 104,
      "Park ID": "18",
      "name": "Rattlesnake",
      "material": "Steel",
      "opened": "1998",
      "Manufacturer": "Maurer",
      "model": "Wilde Maus Classic",
      "duration": "unknown",
      "heightft": "49.25",
      "heightm": "15",
      "LengthFt": "1213",
      "lengthm": "370",
      "topspeedmph": "28",
      "topspeedkmh": "45",
      "inversions": "0",
      "riders per train": "4",
      "peopleperhour": "950",
      "coasterpedia": "https://coasterpedia.net/wiki/Rattlesnake_(Chessington_World_of_Adventures)",
      "RCDB": "https://rcdb.com/785.htm"
    },
    {
      "CoasterID": 105,
      "Park ID": "18",
      "name": "Scorpion Express",
      "material": "Steel",
      "opened": "1987",
      "Manufacturer": "Mack Rides",
      "model": "Powered Coaster",
      "duration": "1:45",
      "heightft": "15",
      "heightm": "4.7",
      "LengthFt": "850",
      "lengthm": "259",
      "topspeedmph": "22.4",
      "topspeedkmh": "36",
      "inversions": "0",
      "riders per train": "38",
      "peopleperhour": "700",
      "coasterpedia": "https://coasterpedia.net/wiki/Scorpion_Express",
      "RCDB": "https://rcdb.com/786.htm"
    },
    {
      "CoasterID": 106,
      "Park ID": "18",
      "name": "Vampire",
      "material": "Steel",
      "opened": "April 11 1990",
      "Manufacturer": "Vekoma / Arrow Dynamics",
      "model": "Suspended Coaster",
      "duration": "2:30",
      "heightft": "70",
      "heightm": "21",
      "LengthFt": "2200",
      "lengthm": "670",
      "topspeedmph": "45",
      "topspeedkmh": "72",
      "inversions": "0",
      "riders per train": "24",
      "peopleperhour": "960",
      "coasterpedia": "https://coasterpedia.net/wiki/Vampire_(Chessington_World_of_Adventures)",
      "RCDB": "https://rcdb.com/784.htm"
    },
    {
      "CoasterID": 107,
      "Park ID": "19",
      "name": "Dragon",
      "material": "Steel",
      "opened": "1998",
      "Manufacturer": "W.G.H. Transportation Engineering",
      "model": "Sitdown Terrain",
      "duration": "3:20",
      "heightft": "unknown",
      "heightm": "unknown",
      "LengthFt": "1387.8",
      "lengthm": "423",
      "topspeedmph": "31",
      "topspeedkmh": "50",
      "inversions": "0",
      "riders per train": "28",
      "peopleperhour": "unknown",
      "coasterpedia": "https://coasterpedia.net/wiki/Dragon_(Legoland_Windsor)",
      "RCDB": "https://rcdb.com/844.htm"
    },
    {
      "CoasterID": 108,
      "Park ID": "19",
      "name": "Dragon's Apprentice",
      "material": "Steel",
      "opened": "1999",
      "Manufacturer": "W.G.H. Transportation Engineering",
      "model": "Kiddie Sitdown",
      "duration": "unknown",
      "heightft": "unknown",
      "heightm": "unknown",
      "LengthFt": "unknown",
      "lengthm": "unknown",
      "topspeedmph": "unknown",
      "topspeedkmh": "unknown",
      "inversions": "0",
      "riders per train": "12",
      "peopleperhour": "unknown",
      "coasterpedia": "https://coasterpedia.net/wiki/Dragon%27s_Apprentice_(Legoland_Windsor)",
      "RCDB": "https://rcdb.com/845.htm"
    },
    {
      "CoasterID": 109,
      "Park ID": "19",
      "name": "Duplo Dino Coaster",
      "material": "Steel",
      "opened": "March 14 2020",
      "Manufacturer": "Art Engineering",
      "model": "Kiddie Coaster",
      "duration": "unknown",
      "heightft": "9.8",
      "heightm": "3",
      "LengthFt": "67",
      "lengthm": "220",
      "topspeedmph": "13.6",
      "topspeedkmh": "22",
      "inversions": "0",
      "riders per train": "10",
      "peopleperhour": "500",
      "coasterpedia": "https://coasterpedia.net/wiki/Duplo_Dino_Coaster",
      "RCDB": "https://rcdb.com/17692.htm"
    },
    {
      "CoasterID": 110,
      "Park ID": "19",
      "name": "Minifigure Speedway (Legends)",
      "material": "Steel",
      "opened": "April 6 2024",
      "Manufacturer": "Zierer",
      "model": "Twin Shuttle",
      "duration": "unknown",
      "heightft": "unknown",
      "heightm": "unknown",
      "LengthFt": "unknown",
      "lengthm": "unknown",
      "topspeedmph": "unknown",
      "topspeedkmh": "unknown",
      "inversions": "0",
      "riders per train": "unknown",
      "peopleperhour": "unknown",
      "coasterpedia": "https://coasterpedia.net/wiki/Minifigure_Speedway",
      "RCDB": "https://rcdb.com/21316.htm"
    },
    {
      "CoasterID": 111,
      "Park ID": "19",
      "name": "Minifigure Speedway (Allstars)",
      "material": "Steel",
      "opened": "April 6 2025",
      "Manufacturer": "Zierer",
      "model": "Twin Shuttle",
      "duration": "unknown",
      "heightft": "unknown",
      "heightm": "unknown",
      "LengthFt": "unknown",
      "lengthm": "unknown",
      "topspeedmph": "unknown",
      "topspeedkmh": "unknown",
      "inversions": "0",
      "riders per train": "unknown",
      "peopleperhour": "unknown",
      "coasterpedia": "https://coasterpedia.net/wiki/Minifigure_Speedway",
      "RCDB": "https://rcdb.com/21316.htm"
    }
  ]
}
